KORONABIRUSAREN EGOERA EPIDEMILOGIKOA EUSKADIN (COVID-19) / SITUACIÓN EPIDEMIOLÓGICA DEL CORONAVIRUS (COVID-19) EN EUSKADI;
Data / Fecha;Testak guztira / Test totales;Test azkarrak guztira / Test rápidos totales;Pertsona bakarrak guztira / Personas únicas totales;PCR-dun pertsona bakarrak / Personas únicas con PCR;Milio bat biztanleko PCR-dun kopurua / Personas con PCR por millón de habitantes;PCR kasu positiboak / Casos positivos PCR;Serologia bidez baieztatutako kasuak / Casos positivos detectados por serología;Kasu positiboak guztira / Casos positivos totales;Araban kasu positiboak / Casos positivos Álava;Bizkaian kasu positiboak / Casos positivos  Bizkaia;Gipuzkoan kasu positiboak / Casos positivos Gipuzkoa;Beste  kasu positiboak / Otros casos positivos ;Sendatutakoak edo ospitaleko altak / Recuperados o altas Hospitalarias;Ez berreskuratuak / No recuperados;Hildakoak / Fallecidos; Positibodun ospitaleratze berriak plantan / Nuevos ingresos planta con positivo;Plantan ospitaleratuta dauden positibodunak / Ingresados en planta con positivo;ZIUn ospitaleratuak / Hospitalizados en UCI;R0 Euskadin / R0 en Euskadi;Negatibizatuak / Negativizados;Ospitaleko altak / Altas hospitalarias;ZIUN ospitaleratze berriak azken 14 egunetan / Nuevos ingresos en UCI en los últimos 14 días;Positiboen tasa 100.000 biztanleko Araban/Tasa de positivos por 100.000 habitantes en Álava ;Positiboen tasa 100.000 biztanleko Bizkaian/Tasa de positivos por 100.000 habitantes en Bizkaia ;Positiboen tasa 100.000 biztanleko Gizpuzkoan/Tasa de positivos por 100.000 habitantes en Gipuzkoa;
2020/02/24;8;;;;;;;;;;;;0;0;0;;;;;;;;;;;
2020/02/25;15;;;;;;;;;;;;0;0;0;;;;;;;;;;;
2020/02/26;19;;;;;;;;;;;;0;0;0;;;;;;;;;;;
2020/02/27;30;;;;;;;;;;;;0;0;0;;;;;;;;;;;
2020/02/28;60;;;;;;;;;;;;0;0;0;;;;;;;;;;;
2020/02/29;79;;;;;;;;;;;;0;0;0;;;;;;;;;;;
2020/03/01;112;;;;;;;;;;;;0;1;0;;;;;;;;;;;
2020/03/02;169;;;;;;;;;;;;0;4;0;;;;;;;;;;;
2020/03/03;276;;;;;;;;;;;;0;8;0;;;;;;;;;;;
2020/03/04;361;;;;;;;;;;;;0;12;0;;;;;;;;;;;
2020/03/05;470;;;;;;;;;;;;0;30;1;;;;;;;;;;;
2020/03/06;634;;;;;;;;;;;;0;55;1;;;;;;;;;;;
2020/03/07;801;;;;;;;;;;;;0;89;1;;;;;;;;;;;
2020/03/08;940;;;;;;;;;;;;0;134;3;;;;5,17;;;;;;;
2020/03/09;1114;;;;;;;;;;;;0;179;5;;;;3,94;;;;;;;
2020/03/10;1363;;;;;;;;;;;;0;253;6;;;;3,44;;;;;;;
2020/03/11;1657;;;;;;;;;;;;0;325;7;;;;2,98;;;;;;;
2020/03/12;1974;;;;;;;;;;;;0;404;12;;;;2,54;;;;;;;
2020/03/13;2334;;;;;;;;;;;;0;503;16;;;;2,27;;;;;;;
2020/03/14;2694;;;;;;;;;;;;0;600;21;;;;2,02;;;;;;;
2020/03/15;3007;;;;;;;;;;;;0;696;25;;;;1,78;;;;;;;
2020/03/16;3364;;;;;;;;;;;;0;789;36;;;;1,63;;;;;;;
2020/03/17;3899;;;;;;;;;;;;0;979;41;;;;1,66;;;;;;;
2020/03/18;4578;;;;;;;;;;;;0;1196;52;;;;1,75;;;;;;;
2020/03/19;5323;;;;;;;;;;;;0;1445;71;;;;1,83;;;;;;;
2020/03/20;6083;;;;;;;;;;;;165;1598;85;;;;1,9;;;;;;;
2020/03/21;7050;;;;;;;;;;;;216;1854;97;;;;1,88;;;;;;;
2020/03/22;7946;;;;;;;;;;;;283;2074;120;;;;1,79;;;;;;;
2020/03/23;8674;;;;;;;;;;;;344;2357;133;;;;1,73;;;;;;;
2020/03/24;9952;;;;;;;;;;;;466;2791;155;;;;1,76;;;;;;;
2020/03/25;11664;;;;;;;;;;;;621;3332;180;;;;1,83;;;;;;;
2020/03/26;13332;;;;;;;;;;;;814;3743;203;;;;1,77;;;;;;;
2020/03/27;14872;;;;;;;;;;;;1023;3993;241;;;;1,58;;;;;;;
2020/03/28;16559;;;;;;;;;;;;1503;4064;265;;;;1,47;;;;;;;
2020/03/29;17617;;;;;;;;;;;;1646;4132;297;;;;1,28;;;;;;;
2020/03/30;18545;;;;;;;;;;;;1796;4277;325;;;;1,15;;;;;;;
2020/03/31;20287;;;;;;;;;;;;2165;4435;369;;;;1,08;;;;;;;
2020/04/01;21865;;;;;;;;;;;;2490;4547;412;;;;0,97;;;;;;;
2020/04/02;23609;;;;;;;;;;;;2809;4685;444;;;;0,91;;;;;;;
2020/04/03;25119;;;;;;;;;;;;3098;4779;477;;;;0,9;;;;;;;
2020/04/04;26757;;;;;;;;;;;;3405;4729;515;;;;0,83;;;;;;;
2020/04/05;27583;;;;;;;;;;;;3568;4729;548;;;;0,84;;;;;;;
2020/04/06;28480;26;;;;;;;;;;;3728;4783;586;;;;0,85;;;;;;;
2020/04/07;30403;188;;;;;;;;;;;4151;4747;635;;;;0,84;;;;;;;
2020/04/08;32377;515;;;;;;;;;;;4514;4694;689;;;;0,81;;;;;;;
2020/04/09;34187;900;;;;;;;;;;;4680;4842;729;;;;0,77;;;;;;;
2020/04/10;35784;1248;;;;;;;;;;;4741;5072;765;;;;0,76;;;;;;;
2020/04/11;36907;1845;;;;;;;;;;;4867;5094;804;;;;0,75;;;;;;;
2020/04/12;38338;2488;;;;;;;;;;;5026;5157;831;;;;0,79;;;;;;;
2020/04/13;39620;3237;;;;;;;;;;;5193;5190;859;;;;0,81;;;;;;;
2020/04/14;41366;4281;;;;;;;;;;;5428;5206;902;;;;0,75;;;;;;;
2020/04/15;44110;5641;;;;;;;;;;;5813;5059;956;;;;0,74;;;;;;;
2020/04/16;47188;7468;;;;;;;;;;;6144;4997;992;;;;0,75;;;;;;;
2020/04/17;50016;9651;;;;;;;;;;;6556;4834;1020;;;;0,71;;;;;;;
2020/04/18;53526;10786;;;;;;;;;;;6972;4537;1062;;;;0,76;;;;;;;
2020/04/19;55824;11628;;;;;;;;;;;7124;4458;1081;;;;0,75;;;;;;;
2020/04/20;57757;13251;;;;;;;;;;;7277;4460;1103;;;;0,73;;;;;;;
2020/04/21;61661;15767;;;;;;;;;;;7651;4347;1124;;;;0,73;;;;;;;
2020/04/22;66357;18998;;;;;;;;;;;8136;4176;1167;;;;0,71;;;;;;;
2020/04/23;70884;23462;;;;;;;;;;;8459;4202;1193;;;;0,71;;;;;;;
2020/04/24;75829;28159;;;;;;;;;;;8941;4054;1212;;;;0,8;;;;;;;
2020/04/25;80417;30799;63428;;;12455;;14315;;;;;9602;3494;1230;;;115;0,77;;;;;;;
2020/04/26;83386;31677;65743;;;12513;;14412;;;;;9840;3331;1241;;;113;0,81;;;;;;;
2020/04/27;85668;35499;67608;;;12564;;14804;;;;;9974;3575;1255;;;114;0,85;;;;;;;
2020/04/28;90749;40924;70985;;;12619;;15138;;;;;10474;3390;1274;;;104;0,8;;;;;;;
2020/04/29;95743;45395;74253;;;12701;;15519;;;;;10936;3287;1296;;;97;0,8;;;;;;;
2020/04/30;100926;51277;77927;;;12824;;15969;;;;;11380;3277;1312;;;95;0,81;;;;;;;
2020/05/01;105374;53184;80986;;;12887;;16119;;;;;11805;2993;1321;;;91;0,71;;;;;;;
2020/05/02;108174;53898;82982;;;12938;;16197;;;;;12024;2844;1329;;;90;0,72;;;;;;;
2020/05/03;109326;54467;83740;;;12952;;16246;;;;;12155;2750;1341;;;87;0,71;;;;;;;
2020/05/04;110956;57435;85084;;;12965;;16426;;;;;12251;2822;1353;;;85;0,72;;;;;;;
2020/05/05;115593;61416;88484;;;13008;;16679;;;;;12749;2566;1364;;;80;0,74;;;;;;;
2020/05/06;119596;65430;91521;;;13041;;16959;;;;;13070;2506;1383;;;78;0,69;;;;;;;
2020/05/07;122730;70314;95121;;;13101;;17286;;;;;13540;2356;1390;;;77;0,57;;;;;;;
2020/05/08;127694;74796;98884;;;13111;;17553;;;;;13985;2165;1403;;;76;0,65;;;;;;;
2020/05/09;132554;76094;102023;;;13156;;17677;;;;;14646;1613;1418;;;74;0,69;;;;;;;
2020/05/10;134047;76696;103889;;;13167;;17709;;;;;14718;1568;1423;;;70;0,77;;;;;;;
2020/05/11;136274;78969;108305;;;13176;;17840;;;;;14913;1498;1429;;;71;0,82;;;;;;;
2020/05/12;140665;83415;116535;;;13214;;18095;;;;;14986;1664;1442;;;60;0,82;;;;;;;
2020/05/13;147283;86440;126251;;;13257;;18316;;;;;;;1454;;;55;0,85;;;;;;;
2020/05/14;150712;88539;130120;;;13324;;18461;;;;;;;;;;;0,87;;;;;;;
2020/05/15;154142;90639;133989;;;13391;5216;18607;2962;7533;2307;589;15678;1474;1455;2;;50;0,90;;;;;;;
2020/05/16;158779;93965;138359;;;13407;5326;18733;2963;7546;2307;591;16028;1246;1459;4;;50;0,75;;;;;;;
2020/05/17;161834;95000;140399;;;13422;5358;18780;2970;7549;2312;591;16160;1154;1466;3;;48;0,70;;;;;;;
2020/05/18;166314;97737;144782;124591;56942;13409;5487;18896;2975;7531;2312;591;16387;1039;1470;4;;45;0,75;;;;;;;
2020/05/19;170517;99786;148526;127759;58367;13435;5582;19017;2988;7543;2313;591;16688;849;1480;3;;41;0,80;;;;;;;
2020/05/20;174935;102230;152760;130959;59853;13442;5704;19146;2990;7550;2313;591;16965;698;1483;8;;38;0,69;;;;;;;
2020/05/21;178107;103838;155680;133148;60853;13454;5800;19254;2994;7558;2313;589;17098;669;1487;3;;36;0,59;;;;;;;
2020/05/22;181838;105890;159331;135888;62106;13467;5907;19374;2998;7567;2313;589;17303;577;1494;4;;33;0,63;;;;;;;
2020/05/23;183752;106050;160567;137242;62724;13476;5910;19386;3000;7574;2313;589;17394;498;1494;3;;33;0,66;;;;;;;
2020/05/24;185119;106400;161700;138253;63186;13478;5914;19392;3000;7576;2313;589;17417;475;1500;1;;33;0,69;;;;;;;
2020/05/25;187450;107730;163993;139942;63958;13484;5985;19469;3000;7582;2313;589;17530;434;1505;4;;28;0,69;;;;;;;
2020/05/26;190993;109183;167354;142627;65186;13496;6082;19578;3002;7592;2313;589;17702;365;1511;9;;27;0,62;;;;;;;
2020/05/27;194387;110579;170473;145160;66343;13501;6170;19671;3002;7596;2314;589;17895;263;1513;4;;28;0,64;;;;;;;
2020/05/28;196890;111778;172904;147010;67189;13508;6219;19727;3003;7602;2314;589;16331;1865;1531;2;;25;0,65;;;;;;;
2020/05/29;200137;113338;176016;149449;68303;13513;6294;19807;3004;7607;2313;589;16454;1817;1536;1;;27;0,63;;;;;;;
2020/05/30;201970;113650;177460;150863;68950;13518;6302;19820;3006;7610;2313;589;16499;1780;1541;2;;27;0,64;;;;;;;
2020/05/31;202947;113875;178342;151624;69297;13518;6315;19833;3006;7610;2313;589;16510;1782;1541;5;;29;0,68;;;;;;;
2020/06/01;204749;114976;180442;153022;69936;13522;6372;19894;3010;7610;2313;589;16547;1804;1543;3;;27;0,72;;;;;;;
2020/06/02;209026;116078;184108;156204;71391;13528;6439;19967;3013;7613;2313;589;16656;1758;1553;4;;24;0,68;;;;;;;
2020/06/03;211789;117010;186747;158338;72366;13533;6474;20007;3016;7615;2313;589;16757;1689;1561;3;;22;0,74;;;;;;;
2020/06/04;214737;118116;189398;160531;73368;13537;6519;20056;3018;7617;2313;589;16853;1639;1564;0;;21;0,76;;;;;;;
2020/06/05;217445;119417;192309;162611;74319;13541;6576;20117;3019;7620;2313;589;16923;1623;1571;1;;17;0,72;;;;;;;
2020/06/06;219329;119956;194087;164059;74981;13549;6588;20137;3023;7624;2313;589;16966;1597;1574;1;;18;0,89;;;;;;;
2020/06/07;220375;120013;194798;164788;75314;13506;6570;20076;3296;7791;2263;156;;;1574;1;;18;1,19;11902;4184;;;;;
2020/06/08;222647;120725;196850;166324;76016;13522;6610;20132;3301;7801;2264;156;;;1577;3;;18;1,59;13173;4193;;;;;
2020/06/09;226098;122011;200418;168973;77227;13541;6668;20209;3304;7816;2265;156;;;1580;6;;18;1,90;13205;4204;;;;;
2020/06/10;229948;123217;203929;171659;78454;13554;6707;20261;3305;7827;2265;157;;;1584;1;;18;1,88;13243;4216;;;;;
2020/06/11;233215;124236;206721;173756;79413;13562;6758;20320;3305;7835;2265;157;;;1587;4;;18;1,67;13296;4224;;;;;
2020/06/12;237120;124992;209267;175852;80370;13583;6819;20402;3308;7844;2274;157;;;1589;4;;18;1,71;13344;4231;;;;;
2020/06/13;241096;125076;211271;177917;81314;13592;6823;20415;3310;7849;2276;157;;;1592;1;;18;1,52;13369;4232;;;;;
2020/06/14;243905;125137;212285;178948;81785;13600;6823;20423;3313;7853;2277;157;;;1596;1;;18;1,33;13379;4233;;;;;
2020/06/15;247370;125621;214428;180766;82616;13613;6835;20448;3319;7858;2279;157;;;1596;1;;16;1,16;13402;4240;9;;;;
2020/06/16;251113;125997;216961;183085;83676;13622;6867;20489;3320;7865;2280;157;;;1601;1;;13;0,96;13447;4246;7;;;;
2020/06/17;255084;126403;219736;185632;84840;13632;6906;20539;3321;7869;2281;161;;;1602;3;;12;0,90;13486;4256;6;;;;
2020/06/18;257847;126838;221765;187329;85616;13646;6951;20597;3323;7880;2282;161;;;1603;2;;11;0,98;13514;4264;5;;;;
2020/06/19;261250;127440;224309;189446;86583;13662;6992;20654;3326;7889;2286;161;;;1603;2;;10;0,95;13554;4276;5;;;;
2020/06/20;263862;127580;226012;191083;87332;13672;6993;20665;3328;7895;2288;161;;;1603;2;;10;0,98;13573;4283;6;;;;
2020/06/21;265333;127601;226940;192062;87779;13679;6993;20672;3331;7898;2289;161;;;1604;1;;10;0,99;13581;4285;5;1621,199694;1026,29122;463,470985;
2020/06/22;268232;128031;228945;193798;88572;13687;7038;20725;3332;7901;2293;161;;;1605;5;;10;0,92;13605;4297;5;1627,602777;1028,391228;464,4470069;
2020/06/23;271656;128319;231254;195977;89568;13694;7072;20766;3336;7902;2294;162;;;1608;3;;10;0,90;13633;4292;3;1630,042047;1030,578736;465,4230288;
2020/06/24;276042;128646;234036;198597;90766;13710;7110;20820;3340;7902;2303;165;;;1609;2;;10;0,97;13670;4297;3;1632,786225;1032,678743;467,5145044;
2020/06/25;279187;129048;236132;200422;91600;13719;7132;20851;3343;7906;2305;165;;;1609;2;;7;0,93;13697;4303;3;1634,00586;1033,991248;469,0482531;
2020/06/26;282595;129783;238676;202474;92538;13725;7192;20917;3346;7906;2308;165;;;1611;0;;6;0,81;13727;4310;3;1641,933487;1036,703758;470,0242751;
2020/06/27;284934;129922;240195;203981;93226;13728;7198;20926;3346;7908;2309;165;;;1611;1;;6;0,73;13753;4312;3;1642,848213;1036,966259;470,4425702;
2020/06/28;286571;129996;241283;205100;93738;13732;7199;20931;3347;7908;2312;165;;;1612;0;;6;0,74;13762;4312;3;1643,153122;1036,966259;471,000297;
2020/06/29;289171;130444;243096;206660;94451;13737;7226;20963;3348;7909;2315;165;;;1613;0;;6;0,75;13787;4316;2;1644,677666;1038,278764;472,394614;
2020/06/30;292304;130914;245132;208580;95328;13752;7254;21006;3353;7914;2320;165;;;1615;1;;6;0,93;13815;4326;2;1647,116936;1040,641272;473,7889311;
2020/07/01;295884;131517;247599;210852;96367;13758;7303;21061;3354;7916;2320;168;;;1618;0;;6;0,85;13844;4329;3;1650,470932;1043,441282;474,4860896;
2020/07/02;298841;132040;249746;212732;97223;13768;7347;21115;3357;7920;2323;168;;;1618;0;;6;0,89;13868;4333;3;1652,300384;1046,941295;475,6015432;
2020/07/03;301363;132597;251567;214229;97910;13783;7413;21196;3361;7925;2329;168;;;1619;2;;6;1,09;13898;4336;2;1658,09365;1051,403811;476,9958603;
2020/07/04;303720;132823;253288;215820;98637;13796;7420;21216;3364;7932;2332;168;;;1619;3;;6;1,31;13925;4342;2;1659,008376;1052,628816;477,4141554;
2020/07/05;304951;132872;254044;216572;98981;13805;7422;21227;3366;7935;2336;168;;;1619;2;;6;1,38;13933;4344;2;1660,228011;1052,453815;478,6690407;
2020/07/06;307567;133573;256027;218119;99688;13824;7466;21290;3366;7939;2351;168;;;1619;2;;6;1,54;13954;4351;2;1660,228011;1056,216329;481,4576748;
2020/07/07;312100;134067;259531;221334;101157;13851;7509;21360;3374;7943;2366;168;;;1621;0;;6;1,61;13990;4357;3;1664,191824;1059,103839;484,8040357;
2020/07/08;316228;134626;262678;224120;102431;13880;7553;21433;3382;7947;2379;172;;;1621;0;;6;1,80;14030;4363;3;1668,765455;1062,07885;487,5926698;
2020/07/09;319676;135144;265257;226388;103467;13911;7591;21502;3387;7955;2397;172;;;1621;2;;6;1,86;14057;4370;3;1671,509634;1064,70386;491,7756209;
2020/07/10;323096;135481;267409;228347;104363;13942;7632;21574;3389;7967;2414;172;;;1622;1;;6;1,76;14086;4377;3;1673,643995;1068,466373;494,7036867;
2020/07/11;326195;135600;269356;230306;105258;13970;7635;21605;3391;7975;2432;172;;;1622;1;;6;1,63;14112;4381;3;1674,558721;1069,341376;497,2134574;
2020/07/12;328165;135761;270633;231490;105799;13997;7635;21632;3394;7991;2440;172;;;1622;0;;6;1,56;14122;4383;3;1675,473447;1070,741381;498,328911;
2020/07/13;330135;135922;271911;232675;106341;14024;7668;21692;3396;8002;2454;172;;;1622;3;;4;1,45;14132;4386;3;1676,997991;1073,803893;501,1175451;
2020/07/14;333901;136344;274549;235048;107425;14084;7705;21789;3403;8012;2495;174;;;1622;6;;4;1,48;14149;4390;1;1682,791256;1076,253901;507,8102669;
2020/07/15;338326;136734;277451;237712;108643;14142;7725;21867;3408;8029;2511;194;;;1623;3;;4;1,54;14162;4394;2;1685,230526;1078,178908;511,1566278;
2020/07/16;343940;;;;;14210;;;3412;8055;2546;197;;;;2;;2;1,48;;;;;;;
2020/07/17;348937;;;;;14325;;;3423;8103;2602;197;;;;2;;2;1,86;;;;;;;
2020/07/18;354684;;;;;14522;;;3433;8195;2695;199;;;;5;;2;2,27;;;;;;;
2020/07/19;358244;137863;297127;257208;117553;14636;7756;22392;3439;8240;2758;199;;;1624;1;;2;2,21;14220;4428;;1693,767971;1098,391482;544,4808051;
2020/07/20;361926;;;;;14726;;;3444;8303;2778;201;;;;4;;2;2,13;;;;;;;
2020/07/21;366837;;;;;14837;;;3451;8370;2815;201;;;;3;;2;1,71;;;;;;;
2020/07/22;371972;;;;;14975;;;3457;8463;2853;202;;;;7;;2;1,59;;;;;;;
2020/07/23;376396;;;;;15111;;;3470;8549;2888;204;;;;2;;3;1,49;;;;;;;
2020/07/24;380602;;;;;15234;;;3487;8615;2928;204;;;;5;;4;1,34;;;;;;;
2020/07/25;384925;;;;;15400;;;3499;8722;2974;205;;;;4;;4;1,17;;;;;;;
2020/07/26;387459;138591;308750;268906;122899;15477;7823;23300;3500;8745;2976;256;;;1626;4;;3;1,05;14342;4481;;1716,636125;1147,56666;580,7330482;
2020/07/27;391607;;;;;15616;;;3515;8861;3033;207;;;;5;;4;1,06;;;;;;;
2020/07/28;396456;;;;;15739;;;3528;8923;3079;209;;;;7;;4;1,06;;;;;;;
2020/07/29;400753;;;;;15943;;;3551;9068;3112;212;;;;6;;5;1,12;;;;;;;
2020/07/30;405683;;;;;16187;;;3580;9230;3161;216;;;;10;;2;1,22;;;;;;;
2020/07/31;409545;;;;;16387;;;3609;9358;3202;218;;;;6;;2;1,27;;;;;;;
2020/08/01;412560;;;;;16586;;;3671;9467;3227;221;;;;6;;3;1,24;;;;;;;
2020/08/02;415036;139343;323732;284016;129805;16742;7850;24582;3691;9572;3256;223;;;1629;9;;5;1,24;14462;4546;;1772,73933;1217,304413;616,1487011;
2020/08/03;419339;;;;;16907;;;3705;9695;3281;226;;;;10;;4;1,2;;;;;;;
2020/08/04;424698;;;;;17148;;;3763;9850;3307;228;;;;10;;3;1,26;;;;;;;
2020/08/05;430315;;;;;17486;;;3807;10083;3364;232;;;;8;;5;1,31;;;;;;;
2020/08/06;436244;;;;;17914;;;3845;10394;3438;237;;;;16;;6;1,4;;;;;;;
2020/08/07;441911;;;;;18304;;;3906;10657;3493;248;;;;17;;3;1,44;;;;;;;
2020/08/08;448488;;;;;18646;;;3949;10903;3540;254;;;;14;;5;1,43;;;;;;;
2020/08/09;453157;139610;346792;307689;139945;18999;7859;841;4013;11107;3615;264;;;1636;12;;4;1,42;14661;4680;;1866,956127;1351,442399;664,3920708;
2020/08/10;458431;;;;;19264;;;4048;11287;3659;270;;;;17;;6;1,35;;;;;;;
2020/08/11;465751;;;;;19627;;;4120;11516;3712;279;;;;21;;8;1,3;;;;;;;
2020/08/12;472369;;;;;20196;;;4195;11918;3784;299;;;;26;;9;1,31;;;;;;;
2020/08/13;478986;;;;;20706;;;4307;12210;3876;313;;;;38;;13;1,25;;;;;;;
2020/08/14;487224;;;;;21279;;;4432;12576;3935;336;;;;32;;13;1,25;;;;;;;
2020/08/15;494949;;;;;21889;;;4560;12937;4040;352;;;;18;;13;1,28;;;;;;;
2020/08/16;499044;139802;372890;324725;151917;22192;7861;30053;4586;13020;4068;518;;;1647;19;;13;1,21;14874;4849;;2046,852275;1522,85552;732,5741742;
2020/08/17;504680;;;;;22513;;;4658;13205;4121;529;;;;17;;17;1,16;;;;;;;
2020/08/18;512608;;;;;23023;;;4744;13521;4202;556;;;;30;;19;1,15;;;;;;;
2020/08/19;519631;;;;;23599;;;4861;13893;4275;570;;;;39;;20;1,11;;;;;;;
2020/08/20;528752;;;;;24323;;;4985;14324;4413;601;;;;50;;21;1,14;;;;;;;
2020/08/21;535673;;;;;24915;;;5105;14668;4519;623;;;;39;;23;1,11;;;;;;;
2020/08/22;543081;;;;;25574;;;5233;15043;4654;644;;;;35;;21;1,09;;;;;;;
2020/08/23;547792;139997;396901;359372;162692;25999;7867;33866;5263;15257;4769;710;;;1671;26;;27;1,09;15161;5094;;2259,068748;1721,39374;835,1959085;
2020/08/24;553461;;;;;26476;;;5318;15528;4901;729;;;;26;;29;1,1;;;;;;;
2020/08/25;561816;;;;;27138;;;5415;15856;5116;751;;;;30;;30;1,13;;;;;;;
2020/08/26;570569;;;;;27902;;;5546;16221;5359;776;;;;42;;31;1,15;;;;;;;
2020/08/27;579745;;;;;28666;;;5640;16653;5584;789;;;;57;;32;1,13;;;;;;;
2020/08/28;589728;;;;;29552;;;5752;17277;5788;735;;;;46;;34;1,16;;;;;;;
2020/08/29;596978;;;;;30225;;;5876;17630;5956;763;;;;36;;38;1,13;;;;;;;
2020/08/30;602906;140197;422481;385747;175239;30561;7872;38433;5902;17710;6081;868;;;1711;23;;35;1,08;15509;5366;;2454,210332;1935,069515;1017,433146;
2020/08/31;610069;;;;;31006;;;5991;17904;6227;884;;;;46;;33;1,04;;;;;;;
2020/09/01;618956;;;;;31552;;;6082;18150;6390;930;;;;61;;39;0,99;;;;;;;
2020/09/02;628101;;;;;32157;;;6135;18510;6555;957;;;;56;;47;0,94;;;;;;;
2020/09/03;637942;;;;;32862;;;6257;18867;6772;966;;;;47;;48;0,93;;;;;;;
2020/09/04;647756;;;;;33607;;;6366;19269;6990;982;;;;39;;47;0,92;;;;;;;
2020/09/05;654962;;;;;34215;;;6464;19589;7174;988;;;;41;;47;0,93;;;;;;;
2020/09/06;661152;140329;449391;413541;187583;34679;7868;42547;6499;19888;7336;1005;;;1757;32;;49;0,97;15930;5748;;2632,581937;2124,2452;1190,467891;
2020/09/07;667988;;;;;35076;;;6526;20104;7482;1013;;;;32;;50;0,98;;;;;;;
2020/09/08;677894;;;;;35737;;;6623;20416;7722;1025;;;;53;;52;1,02;;;;;;;
2020/09/09;686283;;;;;36372;;;6720;20758;7896;1047;;;;55;;55;1,04;;;;;;;
2020/09/10;695200;;;;;36946;;;6790;21066;8081;1058;;;;42;;58;1,00;;;;;;;
2020/09/11;705176;;;;;37615;;;6910;21421;8265;1068;;;;57;;60;0,97;;;;;;;
2020/09/12;712802;;;;;38129;;;6992;21678;8427;1081;;;;41;;61;0,95;;;;;;;
2020/09/13;718792;140450;475486;440328;199857;38367;7865;46232;7023;21812;8544;1089;;;1813;27;;63;0,9;16471;6097;;2787,17066;2286,82079;1355,973324;
2020/09/14;725513;;;;;38654;;;7049;21981;8630;1095;;;;39;;60;0,89;;;;;;;
2020/09/15;735277;;;;;39113;;;7095;22218;8796;1105;;;;42;;56;0,83;;;;;;;
2020/09/16;746402;;;;;39692;;;7226;22470;8984;1113;;;;49;;55;0,86;;;;;;;
2020/09/17;755568;;;;;40211;;;7311;22702;9174;1125;;;;36;;53;0,89;;;;;;;
2020/09/18;765517;;;;;40809;;;7395;22962;9396;1157;;;;43;;49;0,89;;;;;;;
2020/09/19;774877;;;;;41255;;;7453;23185;9541;1177;;;;25;;53;0,9;;;;;;;
2020/09/20;782193;140652;505717;471126;213938;41613;7862;49475;7526;23348;9683;1186;;;1898;22;;57;0,95;17031;6419;;2928,953218;2414,833754;1508,511608;
2020/09/21;790712;;;;;41927;;;7578;23515;9770;1194;;;;33;;55;0,98;;;;;;;
2020/09/22;800472;;;;;42332;;;7629;23692;9939;1202;;;;29;;56;0,98;;;;;;;
2020/09/23;811297;;;;;42850;;;7708;23921;10121;1230;;;;43;;52;0,96;;;;;;;
2020/09/24;820415;;;;;43233;;;7778;24080;10262;1243;;;;28;;46;0,92;;;;;;;
2020/09/25;829644;;;;;43631;;;7870;24262;10377;1252;;;;27;;49;0,88;;;;;;;
2020/09/26;839340;;;;;44110;;;7962;24534;10482;1262;;;;20;;50;0,91;;;;;;;
2020/09/27;852163;140744;534115;500127;227427;44438;7858;52296;7984;24520;10487;1447;;;1953;24;;55;0,92;17522;6700;;3080,797763;2529,021668;1628,144011;
2020/09/28;859536;;;;;44723;;;8023;24658;10586;1456;;;;28;;55;0,94;;;;;;;
2020/09/29;869277;;;;;45155;;;8106;24856;10724;1469;;;;33;;56;0,96;;;;;;;
2020/09/30;880246;;;;;45540;;;8169;24994;10899;1478;;;;33;;55;0,94;;;;;;;
2020/10/01;888192;;;;;45958;;;8239;25180;11041;1498;;;;36;244;56;0,96;;;;;;;
2020/10/02;896421;;;;;46399;;;8321;25389;11183;1506;;;;39;233;56;0,99;;;;;;;
2020/10/03;905036;;;;;46718;;;8361;25552;11291;1514;;;;26;243;58;0,94;;;;;;;
2020/10/04;910402;140799;558964;525583;239452;46947;7856;54803;8382;25620;11399;1546;;;2003;14;245;59;0,92;17988;6983;;3204,590706;2625,884519;1757,536632;
2020/10/05;917826;;;;;47283;;;8434;25788;11511;1550;;;;33;240;56;0,95;;;;;;;
2020/10/06;927848;;;;;47711;;;8492;25972;11691;1556;;;;31;238;51;0,97;;;;;;;
2020/10/07;938162;;;;;48165;;;8550;26167;11883;1565;;;;29;238;48;1,01;;;;;;;
2020/10/08;947664;;;;;48623;;;8611;26366;12074;1572;;;;37;237;52;1,04;;;;;;;
2020/10/09;957925;;;;;49207;;;8690;26625;12310;1582;;;;40;236;45;1,09;;;;;;;
2020/10/10;967864;;;;;49791;;;8747;26881;12565;1598;;;;16;238;47;1,18;;;;;;;
2020/10/11;974734;;;;;50154;;;8817;27019;12715;1603;;;;22;255;47;1,18;;;;;;;
2020/10/12;981497;140846;588744;556000;252936;50683;7857;58018;8861;27274;12939;1609;;;2046;16;260;52;1,21;18444;7262;;3332,347462;2747,59746;1936,845804;
2020/10/13;988963;;;;;51093;;;8900;27453;13125;1615;;;;33;263;50;1,15;;;;;;;
2020/10/14;999853;;;;;51772;;;8977;27744;13428;1623;;;;35;273;51;1,17;;;;;;;
2020/10/15;1011116;;;;;52600;;;9093;28073;13798;1636;;;;40;264;50;1,24;;;;;;;
2020/10/16;1021983;;;;;53441;;;9177;28391;14229;1644;;;;58;271;51;1,27;;;;;;;
2020/10/17;1034046;;;;;54183;;;9277;28693;14562;1651;;;;36;285;52;1,25;;;;;;;
2020/10/18;1041884;140890;616941;584867;266173;54840;7858;62561;9336;29006;14837;1661;;;2098;33;300;55;1,26;18967;7552;;3485,411642;2909,648047;2226,027159;
2020/10/19;1050733;;;;;55465;;;9391;29271;15141;1662;;;;45;312;59;1,21;;;;;;;
2020/10/20;1061344;;;;;56284;;;9476;29613;15518;1677;;;;53;328;59;1,24;;;;;;;
2020/10/21;1074814;;;;;57317;;;9572;30036;16021;1688;;;;51;339;62;1,26;;;;;;;
2020/10/22;1088754;;;;;58524;;;9659;30597;16566;1702;;;;57;339;69;1,27;;;;;;;
2020/10/23;1102398;;;;;59734;;;9796;31042;17179;1717;;;;61;335;71;1,27;;;;;;;
2020/10/24;1113249;;;;;60746;;;9895;31491;17637;1723;;;;36;351;74;1,25;;;;;;;
2020/10/25;1123594;140946;657320;626122;284697;61686;7862;69507;9962;31968;18018;1738;;;2153;52;392;76;1,23;19278;8068;;3673,540326;3172,586501;2662,308961;
2020/10/26;1135502;;;;;62664;;;10048;32425;18431;1760;;;;71;405;74;1,21;;;;;;;
2020/10/27;1150998;;;;;63828;;;10191;32925;18942;1770;;;;73;405;75;1,21;;;;;;;
2020/10/28;1168157;;;;;65054;;;10316;33449;19506;1783;;;;57;386;79;1,18;;;;;;;
2020/10/29;1184394;;;;;66379;;;10456;34054;20076;1793;;;;63;395;84;1,14;;;;;;;
2020/10/30;1200883;;;;;67881;;;10660;34744;20667;1810;;;;81;412;92;1,14;;;;;;;
2020/10/31;1213025;;;;;69034;;;10755;35194;21259;1826;;;;47;436;97;1,12;;;;;;;
2020/11/01;1225477;140981;693100;662748;301364;70006;7857;77843;10819;35714;21627;1846;;;2212;43;469;104;1,09;20098;8504;;3934,542195;3488,637646;3164,820823;
2020/11/02;1237363;;;;;71126;;;10932;36220;22117;1857;;;;73;460;106;1,08;;;;;;;
2020/11/03;1252974;;;;;72551;;;11095;36843;22747;1866;;;;76;450;107;1,09;;;;;;;
2020/11/04;1267642;;;;;74012;;;11247;37464;23418;1883;;;;76;462;111;1,09;;;;;;;
2020/11/05;1284332;;;;;75559;;;11422;38154;24081;1902;;;;74;463;111;1,1;;;;;;;
2020/11/06;1298744;;;;;77003;;;11580;38795;24714;1914;;;;84;457;119;1,07;;;;;;;
2020/11/07;1310793;;;;;78248;;;11678;39404;25242;1924;;;;74;498;122;1,05;;;;;;;
2020/11/08;1322830;141018;743664;697961;324668;79426;7846;87076;11747;40024;25720;1935;;;2298;37;508;130;1,06;20850;9199;;4206,215869;3855,351476;3719,480143;
2020/11/09;1336869;;;;;80736;;;11857;40655;26272;1952;;;;91;518;135;1,07;;;;;;;
2020/11/10;1354759;;;;;82137;;;11999;41331;26841;1966;;;;117;633;133;1,05;;;;;;;
2020/11/11;1371097;;;;;83546;;;12125;41994;27442;1985;;;;107;631;132;1,03;;;;;;;
2020/11/12;1388158;;;;;84966;;;12262;42647;28061;1996;;;;91;633;134;1;;;;;;;
2020/11/13;1403362;;;;;86209;;;12402;43210;28589;2008;;;;119;614;146;0,97;;;;;;;
2020/11/14;1416683;;;;;87252;;;12523;43672;29034;2023;;;;66;633;146;0,95;;;;;;;
2020/11/15;1426992;141048;793113;731886;346709;88053;7830;95431;12596;44079;29341;2037;;;2402;60;662;145;0,92;21745;9857;;4448,008489;4190,915192;4212,092354;
2020/11/16;1437623;;;;;88994;;;12742;44454;29752;2046;;;;85;650;141;0,89;;;;;;;
2020/11/17;1452584;;;;;90044;;;12864;44913;30211;2056;;;;114;647;137;0,87;;;;;;;
2020/11/18;1467470;;;;;91113;;;13000;45345;30689;2079;;;;84;646;133;0,86;;;;;;;
2020/11/19;1481861;;;;;92048;;;13109;45757;31096;2086;;;;84;639;135;0,83;;;;;;;
2020/11/20;1495025;;;;;92915;;;13216;46139;31465;2095;;;;77;594;139;0,81;;;;;;;
2020/11/21;1504764;;;;;93556;;;13268;46420;31764;2104;;;;47;596;137;0,8;;;;;;;
2020/11/22;1512054;141066;832578;753310;364850;94055;7829;101209;13318;46663;31966;2108;;;;43;606;141;0,8;22655;10356;;4658,090601;4402,928461;4563,181385;
2020/11/23;1521730;;;;;94665;;;13405;46948;32201;2111;;;;74;559;140;0,8;;;;;;;
2020/11/24;1534041;;;;;95358;;;13506;47253;32476;2123;;;;77;532;142;0,79;;;;;;;
2020/11/25;1544922;;;;;96024;;;13616;47511;32764;2133;;;;88;530;134;0,77;;;;;;;
2020/11/26;1556155;;;;;96648;;;13701;47735;33071;2141;;;;82;537;132;0,77;;;;;;;
2020/11/27;1567758;;;;;97266;;;13775;48042;33303;2146;;;;71;494;130;0,77;;;;;;;
2020/11/28;1577026;;;;;97777;;;13854;48259;33513;2151;;;;42;491;132;0,8;;;;;;;
2020/11/29;1583493;141066;867118;769314;380792;98212;7818;105232;13899;48465;33690;2158;;;2624;40;508;136;0,83;23439;10771;;4824,265856;4552,816504;4794,080288;
2020/11/30;1592186;;;;;98698;;;13970;48687;33876;2165;;;;58;463;131;0,85;;;;;;;
2020/12/01;1601124;;;;;99262;;;14071;48944;34071;2176;;;;58;442;129;0,87;;;;;;;
2020/12/02;1610780;;;;;99894;;;14165;49240;34312;2177;;;;49;399;127;0,89;;;;;;;
2020/12/03;1620848;;;;;100413;;;14268;49448;34517;2180;;;;62;390;129;0,9;;;;;;;
2020/12/04;1628889;;;;;100933;;;14356;49677;34714;2186;;;;54;374;130;0,9;;;;;;;
2020/12/05;1635874;;;;;101385;;;14438;49898;34860;2189;;;;36;379;130;0,91;;;;;;;
2020/12/06;1641097;141066;920455;808116;420680;101700;7812;108573;14487;50054;34966;2193;;;2725;42;398;131;0,9;24146;11135;;4993,18529;4683,804479;4963,768672;
2020/12/07;1647713;;;;;102069;;;14568;50194;35111;2196;;;;59;384;128;0,9;;;;;;;
2020/12/08;1655947;;;;;102519;;;14641;50421;35254;2203;;;;38;388;125;0,89;;;;;;;
2020/12/09;1662714;;;;;102965;;;14740;50630;35389;2206;;;;54;390;116;0,86;;;;;;;
2020/12/10;1673370;;;;;103562;;;14862;50860;35632;2208;;;;65;406;117;0,91;;;;;;;
2020/12/11;1682153;;;;;104198;;;14991;51154;35841;2212;;;;63;394;112;0,98;;;;;;;
2020/12/12;1689848;;;;;104662;;;15086;51372;35990;2214;;;;32;376;116;1;;;;;;;
2020/12/13;1695390;141066;969751;845402;443210;104998;7807;111765;15157;51517;36105;2219;;;2839;26;375;112;1,02;24737;11386;;5189,546509;4803,767414;5117,42241;
2020/12/14;1704243;;;;;105421;;;15252;51693;36252;2224;;;;38;355;101;1,03;;;;;;;
2020/12/15;1717408;;;;;106003;;;15356;51924;36495;2228;;;;58;344;99;1,07;;;;;;;
2020/12/16;1729980;;;;;106399;;;15435;52101;36633;2230;;;;36;335;98;1,04;;;;;;;
2020/12/17;1742767;;;;;106864;;;15513;52294;36824;2233;;;;42;315;98;0,99;;;;;;;
2020/12/18;1755673;;;;;107287;;;15584;52506;36962;2235;;;;47;300;100;0,92;;;;;;;
2020/12/19;1765775;;;;;107587;;;15645;52633;37074;2235;;;;26;302;98;0,87;;;;;;;
2020/12/20;1771259;141066;1038521;900579;474640;107926;7801;114613;15733;52751;37203;2239;;;2947;20;317;97;0,89;25455;11684;;5356,9414;4906,317785;5264,662289;
2020/12/21;1778919;;;;;108233;;;15794;52892;37306;2241;;;;53;323;92;0,88;;;;;;;
2020/12/22;1788498;;;;;108706;;;15877;53094;37490;2245;;;;38;305;86;0,87;;;;;;;
2020/12/23;1798040;;;;;109133;;;15956;53272;37650;2255;;;;41;288;85;0,91;;;;;;;
2020/12/24;1805395;;;;;109543;;;16019;53489;37774;2261;;;;39;269;84;0,92;;;;;;;
2020/12/25;1809081;;;;;109771;;;16061;53611;37837;2262;;;;23;277;84;0,87;;;;;;;
2020/12/26;1813455;;;;;109997;;;16101;53722;37908;2266;;;;23;268;86;0,86;;;;;;;
2020/12/27;1818285;141066;1081578;932151;494319;110295;7796;116912;16150;53873;38002;2270;;;3031;31;288;83;0,88;25942;11919;;5480,429433;5000,030625;5373,000724;
2020/12/28;1824891;;;;;110642;;;16212;54023;38132;2275;;;;32;266;81;0,92;;;;;;;
2020/12/29;1833548;;;;;111159;;;16300;54239;38339;2281;;;;53;284;79;0,97;;;;;;;
2020/12/30;1841872;;;;;111667;;;16365;54486;38528;2288;;;;28;257;79;1,02;;;;;;;
2020/12/31;1848983;;;;;112157;;;16447;54725;38691;2294;;;;35;251;79;1,06;;;;;;;
2021/01/01;1853122;;;;;112459;;;16527;54848;38786;2298;;;;23;246;77;1,08;;;;;;;
2021/01/02;1857958;;;;;112829;;;16600;55001;38924;2304;;;;28;252;79;1,12;;;;;;;
2021/01/03;1863282;141066;1122253;962215;512909;113191;7794;119703;16639;55189;39056;2307;;;3103;35;275;78;1,13;26466;12138;;5587,673261;5080,832414;5490,396387;
2021/01/04;1870063;;;;;113671;;;16721;55417;39225;2308;;;;43;276;75;1,15;;;;;;;
2021/01/05;1880105;;;;;114250;;;16782;55719;39435;2314;;;;48;281;71;1,14;;;;;;;
2021/01/06;1887340;;;;;114751;;;16855;56009;39566;2321;;;;33;292;72;1,1;;;;;;;
2021/01/07;1894843;;;;;115286;;;16928;56292;39736;2330;;;;46;288;71;1,08;;;;;;;
2021/01/08;1904347;;;;;115944;;;17023;56644;39939;2338;;;;63;304;75;1,17;;;;;;;
2021/01/09;1914398;;;;;116453;;;17096;56905;40108;2344;;;;29;309;76;1,19;;;;;;;
2021/01/10;1925104;;;;;117013;;;17163;57227;40274;2349;;;;37;334;76;1,21;;;;;;;
2021/01/11;1937342;141066;1176514;1004064;534849;117830;7787;123387;17255;57719;40493;2363;;;3192;45;345;75;1,25;27068;12370;;5741,212384;5247,144583;5653,487087;
2021/01/12;1951991;;;;;118565;;;17369;58089;40730;2377;;;;50;355;76;1,24;;;;;;;
2021/01/13;1965012;;;;;119336;;;17488;58517;40939;2392;;;;74;368;83;1,24;;;;;;;
2021/01/14;1978236;;;;;120096;;;17588;58929;41178;2401;;;;50;367;84;1,23;;;;;;;
2021/01/15;1989491;;;;;120931;;;17700;59411;41407;2413;;;;74;377;86;1,21;;;;;;;
2021/01/16;1999421;;;;;121607;;;17799;59805;41585;2418;;;;49;378;92;1,19;;;;;;;
2021/01/17;2007348;;;;;122255;;;17889;60163;41772;2431;;;;40;409;98;1,15;;;;;;;
2021/01/18;2018103;141066;1250286;1059572;568386;123149;7781;128408;18021;60693;41999;2436;;;3269;82;448;96;1,12;27754;12659;;5954,71353;5485,429627;5851,833139;
2021/01/19;2031877;;;;;124195;;;18131;61309;42297;2458;;;;83;449;97;1,14;;;;;;;
2021/01/20;2045541;;;;;125310;;;18307;61931;42596;2476;;;;84;484;101;1,18;;;;;;;
2021/01/21;2058695;;;;;126449;;;18481;62570;42915;2483;;;;77;501;109;1,21;;;;;;;
2021/01/22;2072337;;;;;127589;;;18690;63197;43208;2494;;;;104;516;109;1,22;;;;;;;
2021/01/23;2082989;;;;;128469;;;18788;63724;43457;2500;;;;64;538;120;1,2;;;;;;;
2021/01/24;2092472;;;;;129295;;;18939;64150;43700;2506;;;;48;560;122;1,17;;;;;;;
2021/01/25;2106187;;;;;130396;;;19077;64778;44031;2510;;;;86;548;125;1,15;;;;;;;
2021/01/26;2122024;141066;1326658;1111880;603106;131500;7775;135442;19256;65387;44328;2529;;;3384;89;560;134;1,11;28545;13001;;6262,70029;5827,104967;6114,166266;
2021/01/27;2137522;;;;;132773;;;19442;66117;44670;2544;;;;94;570;137;1,1;;;;;;;
2021/01/28;2154807;;;;;134037;;;19620;66831;45027;2559;;;;86;605;140;1,09;;;;;;;
2021/01/29;2169064;;;;;135127;;;19780;67447;45333;2567;;;;88;581;151;1,05;;;;;;;
2021/01/30;2181115;;;;;135982;;;19897;67911;45597;2577;;;;74;605;157;1,03;;;;;;;
2021/01/31;2192747;;;;;136934;;;20046;68385;45914;2589;;;;53;632;160;1,03;;;;;;;
2021/02/01;2205931;141066;1415596;1173222;643537;137842;7768;143098;20158;68912;46173;2599;;;3494;80;586;154;1;29628;13419;;6588,85736;6193,583536;6416,473965;
2021/02/02;2222523;;;;;138899;;;20321;69465;46506;2607;;;;98;591;155;0,99;;;;;;;
2021/02/03;2237606;;;;;139919;;;20465;70009;46826;2619;;;;84;573;156;0,95;;;;;;;
2021/02/04;2253092;;;;;140840;;;20616;70488;47107;2629;;;;95;574;162;0,91;;;;;;;
2021/02/05;2268383;;;;;141787;;;20745;71030;47371;2641;;;;84;548;163;0,9;;;;;;;
2021/02/06;2278487;;;;;142419;;;20846;71333;47588;2652;;;;57;570;161;0,89;;;;;;;
2021/02/07;2289174;;;;;143040;;;20902;71704;47776;2658;;;;42;573;164;0,87;;;;;;;
2021/02/08;2301496;;;;;143763;;;21001;72103;47992;2667;;;;93;570;157;0,87;;;;;;;
2021/02/09;2314931;141066;1500599;1233056;682180;144511;7767;149293;21122;72509;48200;2680;;;3615;99;547;165;0,85;30831;13826;;6842,333189;6483,650757;6674,920675;
2021/02/10;2328751;;;;;145195;;;21222;72895;48387;2691;;;;70;512;167;0,83;;;;;;;
2021/02/11;2342326;;;;;145838;;;21315;73295;48526;2702;;;;63;495;173;0,81;;;;;;;
2021/02/12;2353562;;;;;146451;;;21385;73663;48689;2714;;;;80;477;170;0,79;;;;;;;
2021/02/13;2362442;;;;;146874;;;21444;73907;48808;2715;;;;31;462;170;0,8;;;;;;;
2021/02/14;2369992;141066;1573128;1284534;715152;147292;7762;153494;21495;74177;48899;2721;;;3717;38;474;170;0,8;31921;14074;;7017,979522;6692,955187;6827,32373;
2021/02/15;2379557;;;;;147745;;;21540;74470;49005;2730;;;;60;438;168;0,8;;;;;;;
2021/02/16;2390431;;;;;148244;;;21596;74797;49114;2737;;;;61;421;159;0,79;;;;;;;
2021/02/17;2401774;;;;;148807;;;21677;75138;49247;2745;;;;68;413;153;0,81;;;;;;;
2021/02/18;2412008;;;;;149312;;;21744;75422;49396;2750;;;;54;391;156;0,82;;;;;;;
2021/02/19;2421755;;;;;149799;;;21811;75723;49509;2756;;;;53;376;146;0,84;;;;;;;
2021/02/20;2428050;;;;;150136;;;21864;75946;49565;2761;;;;36;386;144;0,85;;;;;;;
2021/02/21;2434696;141066;1631815;1327059;741832;150439;7762;156745;21910;76112;49650;2767;;;3797;27;396;145;0,86;;;;7145,777371;6863,009598;6935,032993;
2021/02/22;2443731;;;;;150867;;;21967;76377;49756;2767;;;;46;360;134;0,89;;;;;;;
2021/02/23;2453274;;;;;151272;;;22032;76610;49859;2771;;;;44;333;132;0,9;;;;;;;
2021/02/24;2463453;;;;;151674;;;22110;76829;49962;2773;;;;57;332;129;0,87;;;;;;;
2021/02/25;2471033;;;;;152042;;;22169;77047;50050;2776;;;;45;313;126;0,86;;;;;;;
2021/02/26;2478725;;;;;152391;;;22239;77235;50136;2781;;;;57;298;123;0,84;;;;;;;
2021/02/27;2485336;;;;;152660;;;22288;77407;50183;2782;;;;42;303;122;0,85;;;;;;;
2021/02/28;2490476;;;;;152902;;;22329;77535;50255;2783;;;;22;298;120;0,87;;;;;;;
2021/03/01;2498990;141066;1682569;1361957;764905;153268;7761;159185;22391;77725;50365;2787;;;3858;36;268;121;0,88;;;;7269,63832;6983,544581;7017,619348;
2021/03/02;2507203;;;;;153608;;;22457;77899;50458;2794;;;;45;269;126;0,88;;;;;;;
2021/03/03;2516612;;;;;153939;;;22490;78115;50536;2798;;;;45;262;124;0,88;;;;;;;
2021/03/04;2523776;;;;;154262;;;22557;78278;50624;2803;;;;56;260;118;0,89;;;;;;;
2021/03/05;2530878;;;;;154569;;;22613;78434;50715;2807;;;;48;252;115;0,90;;;;;;;
2021/03/06;2536638;;;;;154816;;;22651;78564;50792;2809;;;;32;263;120;0,92;;;;;;;
2021/03/07;2541763;;;;;155030;;;22683;78680;50856;2811;;;;24;262;118;0,91;;;;;;;
2021/03/08;2550323;141066;1729482;1394106;786231;155364;7760;161203;22741;78852;50957;2814;;;3912;50;255;113;0,92;;;;7372,90625;7075,360038;7097,29089;
2021/03/09;2558597;;;;;155699;;;22790;79025;51064;2820;;;;31;258;101;0,94;;;;;;;
2021/03/10;2567168;;;;;156068;;;22848;79226;51170;2824;;;;31;228;100;0,95;;;;;;;
2021/03/11;2574459;;;;;156448;;;22892;79422;51308;2826;;;;41;230;95;1;;;;;;;
2021/03/12;2582592;;;;;156804;;;22948;79615;51408;2833;;;;46;233;95;1,02;;;;;;;
2021/03/13;2588554;;;;;157099;;;22989;79775;51500;2835;;;;42;248;97;1,02;;;;;;;
2021/03/14;2593902;141066;1777876;1426185;808191;157345;7758;163574;23030;79911;51566;2838;;;3950;14;236;97;1,01;;;;7476,779858;7185,190471;7195,422912;
2021/03/15;2603161;;;;;157739;;;23119;80098;51682;2840;;;;34;224;98;1,11;;;;;;;
2021/03/16;2612035;;;;;158141;;;23188;80303;51800;2850;;;;39;222;101;1,13;;;;;;;
2021/03/17;2620942;;;;;158551;;;23270;80494;51933;2854;;;;41;210;93;1,1;;;;;;;
2021/03/18;2629536;;;;;159017;;;23369;80736;52052;2860;;;;32;184;92;1,11;;;;;;;
2021/03/19;2634878;;;;;159343;;;23416;80903;52161;2863;;;;26;197;91;1,07;;;;;;;
2021/03/20;2640997;;;;;159623;;;23451;81061;52243;2868;;;;32;216;87;1,04;;;;;;;
2021/03/21;2647155;141066;1827079;1459140;830600;159952;7755;166163;23509;81227;52347;2869;;;3977;31;228;90;1,05;;;;7616,994086;7291,53975;7299,245758;
2021/03/22;2656785;;;;;160387;;;23619;81433;52461;2874;;;;48;240;81;1,06;;;;;;;
2021/03/23;2668595;;;;;160897;;;23718;81689;52611;2879;;;;47;243;81;1,06;;;;;;;
2021/03/24;2678568;;;;;161426;;;23854;81928;52762;2882;;;;47;241;83;1,12;;;;;;;
2021/03/25;2688608;;;;;162030;;;23958;82221;52961;2890;;;;37;227;87;1,15;;;;;;;
2021/03/26;2698862;;;;;162622;;;24066;82504;53160;2892;;;;70;259;86;1,22;;;;;;;
2021/03/27;2706904;;;;;163089;;;24143;82690;53361;2895;;;;42;269;88;1,24;;;;;;;
2021/03/28;2712536;141066;1887193;1500144;857928;163451;7754;169632;24200;82873;53480;2898;;;4020;24;278;85;1,19;;;;7821,410077;7436,007672;7454,702425;
2021/03/29;2721454;;;;;163952;;;24297;83094;53652;2909;;;;66;288;80;1,15;;;;;;;
2021/03/30;2729647;;;;;164583;;;24415;83391;53862;2915;;;;39;273;84;1,14;;;;;;;
2021/03/31;2738418;;;;;165226;;;24514;83691;54101;2920;;;;64;287;90;1,13;;;;;;;
2021/04/01;2744641;;;;;165793;;;24606;83955;54308;2924;;;;46;284;91;1,08;;;;;;;
2021/04/02;2750052;;;;;166317;;;24711;84169;54509;2928;;;;48;308;93;1,03;;;;;;;
2021/04/03;2756560;;;;;166808;;;24798;84371;54707;2932;;;;53;325;95;1,02;;;;;;;
2021/04/04;2763074;;;;;167372;;;24877;84614;54943;2938;;;;55;338;97;1,06;;;;;;;
2021/04/05;2769137;141066;1932962;1530050;878735;167901;7754;173494;24965;84833;55156;2947;;;4049;50;364;105;1,06;;;;8020,072136;7584,652981;7648,190457;
2021/04/06;2778384;;;;;168632;;;25058;85181;55438;2955;;;;66;369;100;1,08;;;;;;;
2021/04/07;2789422;;;;;169420;;;25171;85554;55734;2961;;;;65;366;103;1,1;;;;;;;
2021/04/08;2800131;;;;;170212;;;25311;85868;56068;2965;;;;74;366;106;1,13;;;;;;;
2021/04/09;2810420;;;;;171132;;;25435;86314;56409;2974;;;;93;373;115;1,2;;;;;;;
2021/04/10;2819862;;;;;171893;;;25533;86683;56697;2980;;;;55;382;121;1,23;;;;;;;
2021/04/11;2826733;;;;;172491;;;25600;86944;56962;2985;;;;64;420;125;1,18;;;;;;;
2021/04/12;2836046;141066;1990764;1571614;905012;173194;7751;178836;25706;87241;57255;2992;;;4088;104;430;127;1,17;;;;8236,904506;7783,252861;7925,097646;
2021/04/13;2847320;;;;;174197;;;25829;87660;57711;2997;;;;90;433;133;1,18;;;;;;;
2021/04/14;2858128;;;;;175137;;;25939;88086;58108;3004;;;;73;442;128;1,16;;;;;;;
2021/04/15;2868195;;;;;176053;;;26040;88499;58497;3017;;;;67;433;132;1,14;;;;;;;
2021/04/16;2878596;;;;;176888;;;26155;88852;58852;3029;;;;97;426;141;1,08;;;;;;;
2021/04/17;2886907;;;;;177663;;;26252;89176;59199;3036;;;;80;470;140;1,05;;;;;;;
2021/04/18;2894161;;;;;178296;;;26323;89429;59501;3043;;;;60;495;147;1,03;;;;;;;
2021/04/19;2906462;141066;2052240;1611681;932959;179075;;;26418;89732;59876;3049;;;4130;115;524;154;1,03;;;;8450,405652;7995,168157;8274,042345;
2021/04/20;2919171;;;;;180077;;;26538;90177;60296;3066;;;;117;553;158;1,02;;;;;;;
2021/04/21;2931668;;;;;181090;;;26637;90642;60739;3072;;;;94;549;165;1,03;;;;;;;
2021/04/22;2942575;;;;;182068;;;26754;91067;61170;3077;;;;114;554;173;1,03;;;;;;;
2021/04/23;2954768;;;;;183003;;;26856;91530;61528;3089;;;;101;503;186;1,04;;;;;;;
2021/04/24;2963644;;;;;183688;;;26928;91848;61818;3094;;;;72;530;188;1,02;;;;;;;
2021/04/25;2972468;;;;;184450;;;27003;92173;62174;3100;;;;62;568;192;1,03;;;;;;;
2021/04/26;2985030;141066;2122691;1657851;964986;185224;7745;190717;27085;92513;62515;3111;;;4187;91;543;189;1,02;;;;8647,553519;8228,666613;8635,201497;
2021/04/27;2997167;;;;;186093;;;27183;92918;62871;3121;;;;99;542;184;1;;;;;;;
2021/04/28;3009153;;;;;186969;;;27253;93330;63257;3129;;;;83;527;192;0,97;;;;;;;
2021/04/29;3020170;;;;;187777;;;27336;93698;63606;3137;;;;96;520;189;0,94;;;;;;;
2021/04/30;3031519;;;;;188546;;;27414;94101;63887;3144;;;;95;504;189;0,92;;;;;;;
2021/05/01;3039639;;;;;189131;;;27489;94399;64098;3145;;;;59;504;189;0,92;;;;;;;
2021/05/02;3048002;141066;2190550;1702508;995835;189637;7730;195717;27527;94667;64289;3154;;;4233;45;520;195;0,89;;;;8798,669933;8432,227138;8913,635493;
2021/05/03;3059493;;;;;190283;;;27569;95018;64535;3161;;;;92;493;188;0,89;;;;;;;
2021/05/04;3070422;;;;;190953;;;27630;95384;64771;3168;;;;75;463;185;0,88;;;;;;;
2021/05/05;3081690;;;;;191626;;;27696;95742;65008;3180;;;;50;425;183;0,87;;;;;;;
2021/05/06;3091016;;;;;192245;;;27766;96063;65230;3186;;;;66;400;173;0,86;;;;;;;
2021/05/07;3100945;;;;;192825;;;27808;96361;65468;3188;;;;59;371;174;0,85;;;;;;;
2021/05/08;3108207;;;;;193261;;;27838;96595;65636;3192;;;;46;372;171;0,85;;;;;;;
2021/05/09;3115239;141066;2251289;1743089;1023448;193617;7742;199634;27868;96770;65785;3194;;;4273;32;374;169;0,85;;;;8890,43;8612,028782;9113,647152;
2021/05/10;3125056;;;;;194078;;;27900;97035;65948;3195;;;;70;359;158;0,85;;;;;;;
2021/05/11;3134740;;;;;194557;;;27929;97333;66097;3198;;;;69;349;159;0,84;;;;;;;
2021/05/12;3144422;;;;;195014;;;27956;97609;66249;3200;;;;59;336;153;0,82;;;;;;;
2021/05/13;3152895;;;;;195407;;;27988;97854;66360;3205;;;;40;295;148;0,8;;;;;;;
2021/05/14;3161824;;;;;195814;;;28024;98075;66506;3209;;;;61;283;145;0,79;;;;;;;
2021/05/15;3168123;;;;;196095;;;28046;98252;66586;3211;;;;28;277;145;0,79;;;;;;;
2021/05/16;3174295;141066;2303550;1779291;1047206;196371;7736;202227;28075;98403;66682;3211;;;4302;24;281;146;0,82;;;;8944,335254;8742,310999;9233,293266;
2021/05/17;3184107;;;;;196651;;;28098;98560;66773;3220;;;;43;256;133;0,8;;;;;;;
2021/05/18;3192980;;;;;197019;;;28129;98781;66886;3223;;;;48;246;131;0,81;;;;;;;
2021/05/19;3201366;;;;;197370;;;28149;99009;66987;3225;;;;46;243;131;0,81;;;;;;;
2021/05/20;3209085;;;;;197766;;;28176;99242;67120;3228;;;;44;226;130;0,86;;;;;;;
2021/05/21;3217457;;;;;198136;;;28214;99472;67219;3231;;;;43;209;125;0,89;;;;;;;
2021/05/22;3223324;;;;;198393;;;28241;99621;67297;3234;;;;27;217;125;0,91;;;;;;;
2021/05/23;3228552;;;;;198634;;;28266;99746;67385;3237;;;;16;214;124;0,93;;;;;;;
2021/05/24;3237281;141066;2353239;1812855;1069795;198910;7729;204564;28285;99906;67476;3243;;;4328;40;212;117;0,95;;;;9002,177409;8861,453521;9328,788076;
2021/05/25;3246964;;;;;199289;;;28314;100134;67597;3244;;;;38;191;111;0,97;;;;;;;
2021/05/26;3255250;;;;;199652;;;28360;100328;67714;3250;;;;36;182;107;0,99;;;;;;;
2021/05/27;3263153;;;;;200010;;;28405;100499;67852;3254;;;;41;174;103;0,98;;;;;;;
2021/05/28;3270861;;;;;200400;;;28449;100706;67985;3260;;;;33;153;101;0,99;;;;;;;
2021/05/29;3276869;;;;;200706;;;28494;100869;68079;3264;;;;27;152;99;1,02;;;;;;;
2021/05/30;3282486;;;;;200957;;;28526;100998;68167;3266;;;;31;162;97;1,02;;;;;;;
2021/05/31;3291166;141066;1204185;1092108;547249;201301;7730;206756;28557;101167;68303;3274;;;4355;39;162;94;1,05;;;;9076,372843;8961,536721;9430,945315;
2021/06/01;3299562;;;;;201639;;;28602;101345;68413;3279;;;;45;164;89;1,02;;;;;;;
2021/06/02;3308632;;;;;201940;;;28643;101503;68512;3282;;;;39;161;91;0,99;;;;;;;
2021/06/03;3316496;;;;;202265;;;28687;101663;68630;3285;;;;32;155;83;0,97;;;;;;;
2021/06/04;3324601;;;;;202552;;;28718;101833;68716;3285;;;;28;141;83;0,93;;;;;;;
2021/06/05;3330821;;;;;202757;;;28747;101937;68788;3285;;;;13;134;80;0,89;;;;;;;
2021/06/06;3335990;;;;;202938;;;28778;102030;68842;3288;;;;17;140;84;0,88;;;;;;;
2021/06/07;3344444;141066;1215111;1101250;552396;203139;7730;208616;28799;102137;68912;3291;;;4374;32;127;84;0,84;;;;9147,237053;9042,38654;9520,194099;
2021/06/08;3352008;;;;;203393;;;28833;102292;68973;3295;;;;25;121;80;0,83;;;;;;;
2021/06/09;3359628;;;;;203631;;;28858;102426;69049;3298;;;;24;108;77;0,83;;;;;;;
2021/06/10;3366397;;;;;203855;;;28898;102549;69109;3299;;;;36;116;71;0,82;;;;;;;
2021/06/11;3373525;;;;;204054;;;28920;102667;69163;3304;;;;18;96;63;0,81;;;;;;;
2021/06/12;3378786;;;;;204257;;;28964;102777;69209;3307;;;;17;101;61;0,84;;;;;;;
2021/06/13;3383514;;;;;204382;;;28986;102831;69256;3309;;;;16;97;60;0,85;;;;;;;
2021/06/14;3391520;141066;1224116;1109082;556490;204524;;;29006;102914;69291;3313;;;4388;30;96;59;0,85;;;;9213,255847;9118,797888;9580,294757;
2021/06/15;3398756;;;;;204670;;;29026;103003;69326;3315;;;;23;84;54;0,82;;;;;;;
2021/06/16;3406448;;;;;204860;;;29054;103118;69364;3324;;;;10;69;53;0,82;;;;;;;
2021/06/17;3412644;;;;;205025;;;29074;103225;69399;3327;;;;19;71;53;0,81;;;;;;;
2021/06/18;3418258;;;;;205193;;;29104;103337;69421;3331;;;;19;59;47;0,83;;;;;;;
2021/06/19;3423760;;;;;205354;;;29129;103438;69452;3335;;;;16;62;50;0,84;;;;;;;
2021/06/20;3427775;;;;;205452;;;29141;103508;69466;3337;;;;16;69;50;0,86;;;;;;;
2021/06/21;3435267;141066;1232035;1115839;560090;205598;;;29166;103595;69497;3340;;;4395;23;66;45;0,90;;;;9257,470269;9175,975855;9608,054876;
2021/06/22;3441983;;;;;205785;;;29202;103672;69567;3344;;;;18;68;40;0,97;;;;;;;
2021/06/23;3448769;;;;;205960;;;29220;103774;69619;3347;;;;19;65;35;0,98;;;;;;;
2021/06/24;3454081;;;;;206177;;;29252;103861;69708;3356;;;;24;65;34;1,04;;;;;;;
2021/06/25;3460562;;;;;206385;;;29274;103952;69800;3359;;;;31;68;34;1,08;;;;;;;
2021/06/26;3465218;;;;;206530;;;29291;104035;69843;3361;;;;7;51;35;1,06;;;;;;;
2021/06/27;3470039;;;;;206672;;;29298;104112;69899;3363;;;;11;48;35;1,08;;;;;;;
2021/06/28;3476715;141066;1239603;1122352;563530;206846;;;29320;104195;69962;3369;;;4406;25;64;32;1,08;;;;9293,205212;9220,273549;9662,048308;
2021/06/29;3483977;;;;;207149;;;29346;104337;70094;3372;;;;17;63;33;1,17;;;;;;;
2021/06/30;3491493;;;;;207537;;;29383;104515;70259;3380;;;;20;62;32;1,32;;;;;;;
2021/07/01;3498121;;;;;207943;;;29428;104693;70429;3393;;;;26;63;33;1,41;;;;;;;
2021/07/02;3506538;;;;;208441;;;29479;104886;70676;3400;;;;7;51;33;1,53;;;;;;;
2021/07/03;3511869;;;;;208792;;;29514;105042;70826;3410;;;;10;50;35;1,53;;;;;;;
2021/07/04;3517174;;;;;209159;;;29548;105220;70972;3419;;;;9;50;36;1,51;;;;;;;
2021/07/05;3527216;141066;1248252;1128800;567462;209645;;;29605;105414;71192;3434;;;4419;22;58;30;1,51;;;;9359,526845;9300,862282;9798,211693;
2021/07/06;3536200;;;;;210254;;;29671;105676;71449;3458;;;;19;51;25;1,5;;;;;;;
2021/07/07;3545460;;;;;210903;;;29733;105970;71709;3491;;;;18;50;25;1,45;;;;;;;
2021/07/08;3554650;;;;;211606;;;29825;106284;71974;3523;;;;27;65;28;1,42;;;;;;;
2021/07/09;3564034;;;;;212343;;;29917;106636;72240;3550;;;;23;65;28;1,37;;;;;;;
2021/07/10;3571146;;;;;213012;;;29990;106908;72516;3598;;;;19;70;27;1,34;;;;;;;
2021/07/11;3578069;;;;;213684;;;30074;107190;72782;3638;;;;23;82;28;1,32;;;;;;;
2021/07/12;3587567;141066;1260000;1138405;572802;214472;;;30168;107594;73033;3677;;;4424;26;87;23;1,3;;;;9519,728414;9475,790309;10047,63636;
2021/07/13;3599218;;;;;215461;;;30262;108056;73431;3712;;;;31;99;26;1,31;;;;;;;
2021/07/14;3610667;;;;;216678;;;30416;108567;73933;3762;;;;31;98;28;1,36;;;;;;;
2021/07/15;3622561;;;;;218023;;;30579;109239;74415;3790;;;;47;126;31;1,41;;;;;;;
2021/07/16;3633831;;;;;219200;;;30715;109791;74874;3820;;;;45;132;31;1,4;;;;;;;
2021/07/17;3642721;;;;;220211;;;30852;110301;75216;3842;;;;31;141;34;1,35;;;;;;;
2021/07/18;3650648;;;;;221221;;;30964;110780;75614;3863;;;;36;164;42;1,3;;;;;;;
2021/07/19;3662592;141066;1273314;1148854;578855;222535;;;31103;111474;76054;3904;;;4429;48;174;44;1,29;;;;9746,857293;9747,755525;10395,33186;
2021/07/20;3675346;;;;;224118;;;31292;112347;76535;3944;;;;49;189;45;1,3;;;;;;;
2021/07/21;3688326;;;;;225919;;;31496;113425;77017;3981;;;;29;172;48;1,3;;;;;;;
2021/07/22;3700912;;;;;227688;;;31693;114391;77581;4023;;;;47;179;50;1,27;;;;;;;
2021/07/23;3712800;;;;;229326;;;31898;115326;78045;4057;;;;62;191;52;1,24;;;;;;;
2021/07/24;3721375;;;;;230532;;;32072;115960;78411;4089;;;;34;199;55;1,19;;;;;;;
2021/07/25;3728581;;;;;231474;;;32173;116468;78723;4110;;;;46;227;56;1,12;;;;;;;
2021/07/26;3738798;141066;1286856;1161057;585011;232674;;;32294;117151;79084;4145;;;4444;40;209;59;1,06;;;;10082,40236;10216,40599;10807,29203;
2021/07/27;3750445;;;;;234246;;;32427;118115;79517;4187;;;;63;232;60;1,03;;;;;;;
2021/07/28;3761854;;;;;235822;;;32584;119041;79981;4216;;;;43;233;60;0,99;;;;;;;
2021/07/29;3773653;;;;;237137;;;32715;119817;80369;4236;;;;55;243;62;0,94;;;;;;;
2021/07/30;3784646;;;;;238407;;;32907;120480;80757;4263;;;;48;219;63;0,91;;;;;;;
2021/07/31;3792097;;;;;239334;;;33030;121035;80989;4280;;;;31;219;63;0,89;;;;;;;
2021/08/01;3799377;;;;;240101;;;33125;121492;81189;4295;;;;33;239;60;0,9;;;;;;;
2021/08/02;3808944;141066;1299512;1173070;590765;241008;;;33235;121968;81489;4316;;;4466;56;240;63;0,89;;;;10371,00745;10606,12126;11125,7006;
2021/08/03;3818373;;;;;242094;;;33389;122557;81810;4338;;;;72;266;61;0,86;;;;;;;
2021/08/04;3827387;;;;;243196;;;33532;123165;82129;4370;;;;56;265;61;0,83;;;;;;;
2021/08/05;3835663;;;;;244244;;;33640;123756;82456;4392;;;;54;259;66;0,83;;;;;;;
2021/08/06;3843562;;;;;245123;;;33734;124269;82705;4415;;;;49;251;67;0,82;;;;;;;
2021/08/07;3850728;;;;;245934;;;33848;124741;82899;4446;;;;35;268;66;0,84;;;;;;;
2021/08/08;3856051;;;;;246516;;;33926;125054;83071;4465;;;;30;285;66;0,86;;;;;;;
2021/08/09;3863622;141066;1309702;1182268;595397;247203;;;34013;125447;83264;4479;;;4491;56;279;69;0,86;;;;10600,55904;10897,23283;11374,57007;
2021/08/10;3871983;;;;;248168;;;34184;125979;83496;4509;;;;56;282;67;0,88;;;;;;;
2021/08/11;3879409;;;;;249095;;;34359;126461;83746;4529;;;;59;269;64;0,88;;;;;;;
2021/08/12;3886778;;;;;249986;;;34541;126927;83966;4552;;;;47;281;62;0,89;;;;;;;
2021/08/13;3893246;;;;;250742;;;34680;127331;84157;4574;;;;36;257;61;0,9;;;;;;;
2021/08/14;3898332;;;;;251323;;;34778;127655;84306;4584;;;;41;270;66;0,89;;;;;;;
2021/08/15;3903369;;;;;251867;;;34863;127948;84456;4600;;;;34;281;72;0,91;;;;;;;
2021/08/16;3910195;141066;1318018;1189823;599178;252508;;;34967;128278;84642;4621;;;4529;49;283;73;0,92;;;;10849,18945;11104,01342;11521,2823;
2021/08/17;3917556;;;;;253256;;;35119;128652;84849;4636;;;;50;256;75;0,91;;;;;;;
2021/08/18;3924824;;;;;253958;;;35238;129066;85002;4652;;;;34;241;78;0,89;;;;;;;
2021/08/19;3930375;;;;;254577;;;35348;129391;85173;4665;;;;46;237;77;0,86;;;;;;;
2021/08/20;3936936;;;;;255181;;;35452;129727;85321;4681;;;;44;241;73;0,85;;;;;;;
2021/08/21;3942157;;;;;255721;;;35540;129976;85507;4698;;;;31;239;80;0,88;;;;;;;
2021/08/22;3946240;;;;;256084;;;35590;130176;85613;4705;;;;41;265;82;0,87;;;;;;;
2021/08/23;3952486;141066;1325586;1196625;602618;256589;;;35650;130436;85791;4712;;;4565;50;244;79;0,88;;;;11058,14802;11285,1205;11672,15854;
2021/08/24;3959355;;;;;257232;;;35755;130757;85992;4728;;;;39;238;78;0,88;;;;;;;
2021/08/25;3964899;;;;;257771;;;35828;131046;86155;4742;;;;38;224;76;0,87;;;;;;;
2021/08/26;3970826;;;;;258286;;;35894;131312;86329;4751;;;;42;222;72;0,88;;;;;;;
2021/08/27;3975972;;;;;258779;;;35958;131576;86481;4764;;;;35;216;69;0,88;;;;;;;
2021/08/28;3980533;;;;;259060;;;36001;131720;86569;4770;;;;35;221;71;0,84;;;;;;;
2021/08/29;3985094;;;;;259356;;;36045;131869;86667;4775;;;;27;220;74;0,86;;;;;;;
2021/08/30;3990646;141066;1332134;1202646;605595;259705;;;36080;132075;86772;4778;;;4595;31;196;72;0,85;;;;11186,55155;11419,84119;11806,10112;
2021/08/31;3997687;;;;;260137;;;36145;132301;86907;4784;;;;48;212;71;0,82;;;;;;;
2021/09/01;4003617;;;;;260534;;;36195;132500;87043;4796;;;;37;198;73;0,82;;;;;;;
2021/09/02;4009285;;;;;260880;;;36232;132691;87155;4802;;;;40;207;71;0,8;;;;;;;
2021/09/03;4014654;;;;;261189;;;36270;132853;87252;4814;;;;31;174;69;0,78;;;;;;;
2021/09/04;4018999;;;;;261418;;;36297;132953;87352;4816;;;;22;172;68;0,81;;;;;;;
2021/09/05;4022657;;;;;261627;;;36329;133069;87409;4820;;;;35;193;71;0,83;;;;;;;
2021/09/06;4028808;141066;1338436;1208392;608460;261873;;;36358;133194;87492;4829;;;4625;38;195;62;0,83;;;;11264,38104;11515,39889;11898,54232;
2021/09/07;4035306;;;;;262146;;;36398;133324;87591;4833;;;;48;194;60;0,8;;;;;;;
2021/09/08;4040952;;;;;262379;;;36424;133444;87674;4837;;;;41;193;57;0,78;;;;;;;
2021/09/09;4045270;;;;;262615;;;36452;133583;87741;4839;;;;27;181;58;0,76;;;;;;;
2021/09/10;4050064;;;;;262849;;;36480;133711;87818;4840;;;;29;168;58;0,78;;;;;;;
2021/09/11;4054428;;;;;263035;;;36506;133802;87881;4846;;;;19;160;58;0,8;;;;;;;
2021/09/12;4058096;;;;;263154;;;36523;133863;87921;4847;;;;26;170;57;0,81;;;;;;;
2021/09/13;4064385;141066;1344437;1213936;611188;263372;;;36544;133963;88010;4855;;;4669;31;166;54;0,84;;;;11319,80049;11578,32076;11964,0562;
2021/09/14;4070895;;;;;263567;;;36564;134065;88080;4858;;;;28;161;53;0,83;;;;;;;
2021/09/15;4076961;;;;;263782;;;36582;134196;88144;4860;;;;40;166;52;0,86;;;;;;;
2021/09/16;4082423;;;;;263945;;;36602;134282;88200;4861;;;;24;153;50;0,86;;;;;;;
2021/09/17;4087858;;;;;264141;;;36641;134388;88248;4864;;;;30;142;52;0,87;;;;;;;
2021/09/18;4092477;;;;;264245;;;36650;134456;88275;4864;;;;12;122;45;0,85;;;;;;;
2021/09/19;4096589;;;;;264314;;;36658;134489;88301;4866;;;;15;124;52;0,84;;;;;;;
2021/09/20;4103312;141066;1350607;1219970;613993;264433;;;36669;134546;88346;4872;;;4701;16;114;50;0,8;;;;11356,74679;11627,14396;12014,30201;
2021/09/21;4110129;;;;;264563;;;36695;134609;88386;4873;;;;26;110;49;0,79;;;;;;;
2021/09/22;4116956;;;;;264683;;;36718;134675;88410;4880;;;;28;104;49;0,74;;;;;;;
2021/09/23;4122646;;;;;264793;;;36734;134725;88452;4882;;;;24;104;46;0,74;;;;;;;
2021/09/24;4128064;;;;;264934;;;36752;134789;88510;4883;;;;24;97;42;0,74;;;;;;;
2021/09/25;4132293;;;;;265039;;;36767;134838;88547;4887;;;;13;81;40;0,79;;;;;;;
2021/09/26;4136488;;;;;265114;;;36778;134881;88565;4890;;;;11;83;41;0,86;;;;;;;
2021/09/27;4143430;141066;1357369;1224635;614507;265214;;;36787;134934;88601;4892;;;4730;15;85;39;0,89;;;;;;;
2021/09/28;4150743;;;;;265303;;;36800;134977;88633;4893;;;;22;87;39;0,88;;;;;;;
2021/09/29;4157357;;;;;265398;;;36816;135026;88662;4894;;;;17;86;37;0,88;;;;;;;
2021/09/30;4162785;;;;;265503;;;36826;135076;88705;4896;;;;27;95;37;0,9;;;;;;;
2021/10/01;4167640;;;;;265567;;;36833;135107;88730;4897;;;;20;70;36;0,83;;;;;;;
2021/10/02;4171325;;;;;265639;;;36842;135135;88760;4902;;;;13;62;39;0,81;;;;;;;
2021/10/03;4174927;;;;;265706;;;36848;135156;88797;4905;;;;6;57;39;0,83;;;;;;;
2021/10/04;4180254;141066;1363702;1229690;620365;265798;;;36858;135191;88841;4908;;;4747;20;58;34;0,86;;;;11407,9265;11678,66505;12073,56987;
2021/10/05;4186176;;;;;265897;;;36879;135230;88880;4908;;;;9;47;32;0,92;;;;;;;
2021/10/06;4191859;;;;;265985;;;36896;135269;88910;4910;;;;10;40;31;0,94;;;;;;;
2021/10/07;4196164;;;;;266088;;;36910;135317;88951;4910;;;;10;39;32;0,96;;;;;;;
2021/10/08;4200034;;;;;266246;;;36920;135420;88995;4911;;;;12;41;30;1,14;;;;;;;
2021/10/09;4202909;;;;;266315;;;36926;135455;89021;4913;;;;16;48;30;1,14;;;;;;;
2021/10/10;4204755;141066;1368736;1233264;625769;266359;;;36930;135476;89038;4915;;;4754;10;48;29;1,07;;;;;;;
2021/10/11;4208205;;;;;266433;;;36936;135511;89067;4919;;;;7;41;28;1,01;;;;;;;
2021/10/12;4211308;;;;;266512;;;36946;135550;89097;4919;;;;16;51;28;0,96;;;;;;;
2021/10/13;4215891;;;;;266624;;;36962;135596;89146;4920;;;;15;62;23;1;;;;;;;
2021/10/14;4220636;;;;;266763;;;36972;135668;89201;4922;;;;10;61;22;1,06;;;;;;;
2021/10/15;4224368;;;;;266895;;;36982;135746;89243;4924;;;;11;51;21;1,02;;;;;;;
2021/10/16;4227278;;;;;267021;;;36995;135812;89289;4925;;;;8;49;24;1,1;;;;;;;
2021/10/17;4229559;141066;1373065;1236327;630553;267106;;;37000;135856;89324;4926;;;4768;8;48;26;1,15;;;;;;;
2021/10/18;4233358;;;;;267214;;;37018;135904;89366;4926;;;;11;57;24;1,19;;;;;;;
2021/10/19;4238198;;;;;267363;;;37028;135980;89428;4927;;;;12;66;23;1,25;;;;;;;
2021/10/20;4242891;;;;;267532;;;37039;136070;89489;4934;;;;18;79;22;1,26;;;;;;;
2021/10/21;4247487;;;;;267681;;;37050;136144;89550;4937;;;;27;88;22;1,21;;;;;;;
2021/10/22;4252196;;;;;267814;;;37064;136194;89616;4940;;;;17;77;21;1,14;;;;;;;
2021/10/23;4255099;;;;;267921;;;37077;136257;89647;4940;;;;11;76;22;1,06;;;;;;;
2021/10/24;4257493;141066;1378284;1239815;636507;268033;;;37086;136298;89709;4940;;;4790;13;81;24;1,06;;;;;;;
2021/10/25;4262230;;;;;268161;;;37107;136354;89760;4940;;;;13;78;24;1,07;;;;;;;
2021/10/26;4267636;;;;;268299;;;37121;136423;89812;4943;;;;13;82;25;1,04;;;;;;;
2021/10/27;4272401;;;;;268444;;;37140;136479;89882;4943;;;;20;82;26;1;;;;;;;
2021/10/28;4277315;;;;;268599;;;37150;136549;89956;4944;;;;16;83;27;1;;;;;;;
2021/10/29;4281633;;;;;268750;;;37158;136615;90033;4944;;;;20;86;27;1,03;;;;;;;
2021/10/30;4284048;;;;;268876;;;37174;136689;90069;4944;;;;15;88;26;1,04;;;;;;;
2021/10/31;4286511;141066;1383556;1243339;642681;269012;;;37179;136724;90163;4946;;;4802;10;86;26;1,06;;;;;;;
2021/11/01;4289003;;;;;269129;;;37191;136766;90224;4948;;;;13;86;26;1,04;;;;;;;
2021/11/02;4293503;;;;;269326;;;37207;136823;90344;4952;;;;16;80;27;1,08;;;;;;;
2021/11/03;4298477;;;;;269559;;;37231;136884;90491;4953;;;;10;76;27;1,16;;;;;;;
2021/11/04;4303515;;;;;269866;;;37251;136976;90679;4960;;;;9;72;27;1,29;;;;;;;
2021/11/05;4308350;;;;;270092;;;37269;137067;90791;4965;;;;14;72;26;1,31;;;;;;;
2021/11/06;4311924;;;;;270251;;;37284;137157;90845;4965;;;;11;75;27;1,26;;;;;;;
2021/11/07;4314907;141066;1388777;1247074;648697;270436;;;37294;137211;90965;4966;;;4816;17;90;24;1,22;;;;;;;
2021/11/08;4320143;;;;;270761;;;37332;137304;91152;4973;;;;28;93;23;1,31;;;;;;;
2021/11/09;4326449;;;;;271065;;;37355;137404;91325;4981;;;;16;85;27;1,32;;;;;;;
2021/11/10;4332841;;;;;271427;;;37381;137532;91530;4984;;;;24;93;24;1,33;;;;;;;
2021/11/11;4339005;;;;;271845;;;37417;137661;91775;4992;;;;23;96;24;1,31;;;;;;;
2021/11/12;4345582;;;;;272296;;;37461;137818;92017;5000;;;;24;100;25;1,35;;;;;;;
2021/11/13;4350527;;;;;272703;;;37499;137976;92226;5002;;;;20;103;28;1,4;;;;;;;
2021/11/14;4354644;141066;1396009;1252552;656760;273012;;;37509;138109;92386;5008;;;4828;25;114;30;1,36;;;;;;;
2021/11/15;4361410;;;;;273446;;;37557;138252;92627;5010;;;;25;116;27;1,3;;;;;;;
2021/11/16;4369043;;;;;273973;;;37614;138390;92952;5017;;;;22;116;29;1,31;;;;;;;
2021/11/17;4377142;;;;;274664;;;37669;138621;93344;5030;;;;26;114;30;1,35;;;;;;;
2021/11/18;4385961;;;;;275303;;;37730;138830;93707;5036;;;;45;137;29;1,35;;;;;;;
2021/11/19;4394025;;;;;275965;;;37783;139067;94073;5042;;;;41;133;29;1,33;;;;;;;
2021/11/20;4400675;;;;;276560;;;37842;139297;94374;5047;;;;23;132;33;1,29;;;;;;;
2021/11/21;4406496;141066;1405373;1260116;666391;277050;;;37870;139484;94642;5054;;;4839;37;168;31;1,26;;;;;;;
2021/11/22;4415025;;;;;277835;;;37975;139682;95115;5063;;;;45;176;31;1,28;;;;;;;
2021/11/23;4424924;;;;;278718;;;38091;139891;95667;5069;;;;42;184;35;1,3;;;;;;;
2021/11/24;4435767;;;;;279668;;;38219;140170;96200;5079;;;;37;179;36;1,29;;;;;;;
2021/11/25;4447089;;;;;280754;;;38349;140441;96876;5088;;;;40;180;35;1,32;;;;;;;
2021/11/26;4458306;;;;;281904;;;38554;140837;97412;5101;;;;39;185;38;1,34;;;;;;;
2021/11/27;4465005;;;;;282722;;;38685;141101;97827;5109;;;;37;198;45;1,29;;;;;;;
2021/11/28;4471394;141066;1416711;1269646;677666;283385;;;38732;141338;98202;5113;;;4860;31;214;47;1,24;;;;;;;
2021/11/29;4482206;;;;;284659;;;38959;141704;98872;5124;;;;59;229;49;1,25;;;;;;;
2021/11/30;4494494;;;;;285999;;;39183;142083;99591;5142;;;;55;232;51;1,26;;;;;;;
2021/12/01;4507919;;;;;287360;;;39368;142536;100306;5150;;;;34;207;55;1,26;;;;;;;
2021/12/02;4522358;;;;;289052;;;39598;143086;101208;5160;;;;33;215;58;1,28;;;;;;;
2021/12/03;4537435;;;;;290562;;;39832;143660;101889;5181;;;;53;234;63;1,26;;;;;;;
2021/12/04;4547241;;;;;291880;;;40022;144098;102563;5197;;;;42;252;66;1,25;;;;;;;
2021/12/05;4555409;141066;1430121;1281931;689638;292993;;;40206;144452;103123;5212;;;4885;30;266;70;1,23;;;;;;;
2021/12/06;4563365;;;;;294244;;;40456;144807;103763;5218;;;;33;260;72;1,16;;;;;;;
2021/12/07;4573585;;;;;295659;;;40686;145258;104481;5234;;;;50;273;73;1,11;;;;;;;
2021/12/08;4583505;;;;;297080;;;40886;145780;105169;5245;;;;26;293;73;1,08;;;;;;;
2021/12/09;4596757;;;;;298800;;;41165;146373;106005;5257;;;;55;309;72;1,05;;;;;;;
2021/12/10;4611807;;;;;300918;;;41479;147112;107061;5266;;;;62;330;76;1,1;;;;;;;
2021/12/11;4622093;;;;;302578;;;41745;147737;107819;5277;;;;37;337;87;1,12;;;;;;;
2021/12/12;4633661;141066;1443400;1293801;701231;304003;;;41962;148255;108493;5293;;;4910;20;338;91;1,13;;;;;;;
